id,date,tweet,label
642523891,2020-11-20 17:01:14+00:00,"nakakatuwa yung policy ko skyrocket ang pag appreciate, tuloy tuloy lang (company account) pls.. ğŸ™",general.comment
524868333,2020-10-25 02:22:20+00:00,5 years ago... i trusted (company account)  but now i am very frustrated and very doubtful. I will be waiting for your reply regarding AXELERATOR policy. I already sent email to the financial advisor and to your customer service after you didnâ€™t reply my dm in Twitter.,contact.contact
810571019,2020-10-18 10:56:22+00:00,Wala ng chachaka sa customer service ng (company account).,faq.bad_service
882035116,2020-10-16 20:39:04+00:00,I submitted my application form for home insurance to you (company account) via email on 10/8. How much time would it take for your sales team to contact me and visit the property for assessment?,faq.turnaround_time
118118699,2020-09-17 13:36:20+00:00,Sino may kakilala from (company account) to help me change my MRI from UCPB Gen to (company account)?,contact.contact
818959920,2020-09-04 11:27:44+00:00,"On saving and investing: Everything starts with a GOAL with a target AMOUNT and DEADLINE.  Don't stop earning, saving and investing till you've hit that goal.

Just one of the little nuggets of wisdom shared by @marvingermo in this afternoon's talk.  Thank you Marvin and (company account)!",general.promotion
723894406,2020-07-30 17:02:34+00:00,Hey (company account) I have been waiting on a claim since June 1. Your Claims Department have been terribly slow and non-responsive to my follow ups. Pls have someone with authority to intervene call me.,faq.bad_service
279863264,2020-07-15 05:33:54+00:00,Please check DM (company account),contact.contact
842229040,2020-06-19 11:57:54+00:00,Thank you (company account) for the follow up phone call from Cathy who is one of your (company account) customer service representatives working closely with your IT team about INC10818270. I wanted you all to know that I greatly appreciate it. Hopefully this would be done within the month of June. ğŸ¤ğŸ½,general.comment
477810032,2020-06-09 02:14:21+00:00,Why is one of your insurance guys being so pushy?ğŸ˜’ğŸ˜’ğŸ˜’ I already declined and he still keeps on messaging me to try and attend their seminar (company account),general.comment
620704452,2020-05-27 01:43:55+00:00,"Love (company account) / Charter Ping An's customer service.

I've been so frustrated with the local branch/agent because we've been unable to reach them since before the ECQ, so I decided to try emailing the main customer service email. 

In just 2 days, my car insurance has been renewed!",faq.bad_service
503723573,2020-04-30 09:41:30+00:00,"Hello (company account), Iâ€™m wondering why you charged my CC twice for different premium amounts?",faq.payment
238495296,2020-04-11 05:42:53+00:00,I love (company account) na! â˜ºï¸,general.comment
796009277,2020-03-23 07:25:27+00:00,hi (company account). i canâ€™t seem to log in to my account. please help.,general.assist
194695834,2020-03-21 06:25:43+00:00,"I have sent a DM

Kindly respond and it's urgent! 
(company account)",contact.contact
323133164,2020-01-26 03:11:50+00:00,"The NBA on @cnnphilippines is brought to you by (company account), @enjoyGLOBE and @GatoradePH! #NBAonCNNPH",general.promotion
441095974,2020-01-13 00:07:18+00:00,"ADVISORY: Due to the heavy ash fall, (company account) Philippinesâ€™ head office will be closed today. Our branches in NCR, CALABARZON, and Region 3 will also be closed. 
Stay safe, everyone!",general.advice
442233420,2020-01-09 11:11:31+00:00,"Hello (company account) is there any way I can get my insurance policy? I finished all payments half a month early, and now (almost three months after my last payment), I have still yet to see my policy. I've also been told by your hotline that my policy does NOT exist in their database",faq.after_sales
102169958,2019-11-28 07:19:13+00:00,yung naiiyak ang nanay ko tuwing makikita ang logo ng (company account)  ğŸ˜¥ #depressed and #disappointed,general.promotion
731951203,2019-11-25 12:39:20+00:00,Buti pa yung kotse mo may insurance. Ikaw na iisa lang ang buhay wala. How ironic no? Know your lifeâ€™s value more than things that can be replaced. Yung gamit narereplace pero your life NO. be secured when accidents happens. Dm me for free quotations (company account) #knowyoucan,general.promotion
149549436,2019-11-17 06:54:42+00:00,SELF BELIEVE drives every journey sbi nga ng (company account) which is a major sponsor of #UAAPSeason82 â˜º Good job @DLSUAnimoSquad!ğŸ’š Redemption it is! D-LS-U!!!! #AnimoLaSalle!ğŸ¹ #RewriteLaSalle,general.query
571625317,2019-11-07 04:25:42+00:00,Any property insurance here??? (company account) ,general.inquiry
281461877,2019-10-30 09:23:38+00:00,The Eagles got no chill! ğŸ”¥ They have a 45-32 halftime lead. #KnowYouCanWith(company account) #AllForMore #UAAPSeason82,general.promotion
439641554,2019-10-14 01:01:40+00:00,"Pumunta bg (company account) office kahit galing night duty, 10 am pa pala magopen shocks. Sleep muna akooo. ADA enrollment, pls maging okay na (company account)",faq.termination
118299473,2019-10-09 09:09:09+00:00,"I'm getting so stressed with (company account). I checked my current credit card bill and I am still getting billed for something I cancelled last month. (company account), I signed all the papers to cancel my health direct, why is it still appearing on my bill?",faq.bad_service
770756116,2018-11-28 08:59:20+00:00,"Sobrang disappointed ako sa (company account) , ang hirap mag partial withdrawal sa VUL, gosh 10 days wala pa ung pinull out ko na investment! 

Internal error daw?!?! 

Anu un?",faq.bad_service
125973121,2018-07-04 09:16:05+00:00,"Pls train your servicing agents to be helpful and respectful to existing clients. In the words of your rep, i should listen â€œkasi ako ang nangangailanganâ€. (company account) @(company account)",faq.bad_service
634937567,2018-03-28 09:47:39+00:00,"(company account) Philippines will be closed from March 29 to April 1, 2018. Operations will resume on April 2. Have a blessed Holy Week!",general.query
874801755,2018-01-08 09:01:46+00:00,I can't access myaxa account...(company account),faq.app_use
327697093,2017-07-12 13:46:01+00:00,"Ahhh if I close this account (and I know I will), it's Merry Christmas in August for me ğŸ„ (company account)",general.query
631608226,2016-10-07 08:42:58+00:00,Why cant I log in (company account),general.query
469780244,2015-12-05 10:56:29+00:00,I have a DM for you (company account) team..,contact.contact
188571690,2015-08-26 07:08:47+00:00,Ikeep getting emails from you when I never signed up for mail. How do I unsubscribe mail? @(company account) (company account),faq.app_use
525100153,2020-11-08 15:05:28+00:00,Stressful. This (company account)  online haissst!,faq.bad_service
860697487,2020-10-29 14:55:59+00:00,"hereâ€™s your monthly (company account) complaint. let me take you back to when our toxic relationship started!!!! 

itâ€™s been 11 months since I started filing for my momâ€™s death insurance claim. They finally provided a ticket number back in Sep 21. Itâ€™s been a month with no update ğŸ¤ª",faq.bad_service
828600726,2020-10-19 09:57:34+00:00,What gives (company account)? Why do you keep on sending me text messages for random people? First it was for a certain Ms. Macatangay and right now its Laidel? Omg. Im getting so sick and tired of deleting or messages! I dont know these people!,faq.bad_service
130612679,2020-09-30 05:33:33+00:00,"in this age and time, a financial companybwithout an official app is such a bummer. take a close look at (company account) @Manulife a perfect example of a company lacking drive to innovate.. tsk..",faq.bad_service
500070819,2020-09-10 11:33:02+00:00,UPDATE: lol kakareply lang ng ahente sa email ko sinabi ko na nga na longstanding request yun tas nireplyan ako as if bagong request. HAHAAHAA what a joke :( (company account) maybe u should pay your CS agents more so they do their jobs properly. Tamad na tamad eh.,faq.bad_service
488778544,2020-09-10 10:54:32+00:00,"can you clarify how claims are currently being processed? (company account) Customer service sent my claim daw to your servicing agent, Julius Pineda, last August 16 pero WALA NAMAN AKONG NARECEIVE na message for that person. 

Nagsend ulit ako ng bagong email sa Customer Service niyo",faq.after_sales
864755815,2020-07-11 01:55:44+00:00,NAKAKAGIGIL CUSTOMER SERVICE NG (company account) HAHHAHAHAH everytime magrreply ako i have to start ALL over. Hindi ata marunong mag-back read mga ahente niyo. Nakakabwiset. Lakas niyo makabenta ng insurance putangina nakakagigil mag-claim NAMATAYAN na nga isstress niyo po MAHIYA KAYO,faq.bad_service
317429642,2020-07-08 18:17:06+00:00,"Kapag parent ka na hindi lang present need mo isipin kundi future niyo or ng child/ren mo. So ayun I'm really torn kung anong insurance company ba ang best for life/educational insurance. If ever may willing mag share, please do! thanks! @SunLifePH (company account) @PruLifeUK",general.query
431086148,2020-06-18 08:10:36+00:00,"Hi (company account), is your support email phcustomercare@manulife.com still active? I still haven't received any response from my emails.",contact.contact
162532376,2020-05-30 00:10:28+00:00,"#Crowdsourcing:
Maganda ba ung #GcashInsurance? Na-amaze lng ako kasi ang mura niya. ğŸ¤”
Or any affordable insurance na lang at pwedeng half-sister, nephew or niece ang maging dependent? May ganun ba? Hello (company account) (company account) (company account)",general.query
816443767,2019-08-17 00:56:21+00:00,When will you have a mobile app (company account) (company account)? You have a lot of clients &amp; yet you don't have a mobile app yet. ğŸ¤·ğŸ»â€â™€ï¸,general.query
165962569,2019-06-24 16:44:29+00:00,I've received my policy e-receipt less than the promised timeline of 24-48hours following a call with customer support. Good job (company account) ğŸ‘,general.comment
617547145,2018-12-15 23:38:40+00:00,"Good morning (company account) 
Sorry, I haven't received my Anniversary Statement for November 2018. Thank you,",general.query
154079457,2018-02-13 02:30:19+00:00,Props to (company account) for quick support responses via Twitter and email. Please teach the phone support team.,general.comment
802940002,2018-02-12 09:59:00+00:00,Hi my wife and I (based in Australia) have been trying to call the customer service line for weeksbut there's no answer no matter what time we call. We need to create an online account so we can update our contact details but the system says our policy # is invalid (company account),contact.contact
798777374,2017-10-26 06:25:08+00:00,Hi insurance friends - is there a way you can send online / digital recepits instead? (company account) (company account),faq.payment
768730743,2017-09-07 08:08:25+00:00,Hi (company account) need to DM you.  Thanks,contact.contact
381233049,2017-06-09 16:24:35+00:00,#manulifeph #manulifephsucks ğŸ‘ğŸ‘ğŸ‘ (company account) bigyan nyo naman ako ng matinong dahilan ğŸ™„,faq.bad_service
693492099,2017-06-08 12:30:55+00:00,Grabe bes wala pa ring linaw kung nasaan na mga OR ko. Ayaw mag reply sa email ğŸ™„ #manulifephsucks ğŸ‘ğŸ‘ğŸ‘ (company account),contact.contact
648966892,2017-06-08 02:25:14+00:00,Worst ğŸ‘ğŸ‘ğŸ‘ #manulifesucks (company account),faq.bad_service
846931551,2017-06-07 01:37:38+00:00,"Been a month now since I've submitted d rqremnts for policy surrender to (company account) and we badly need the cash. Til now, no result.",faq.after_sales
743819686,2016-07-10 13:45:13+00:00,Hi (company account) Can I get the email address of Manulife?,contact.contact
694413592,2016-03-15 11:20:55+00:00,Hi (company account) I have been charged twice!,faq.payment
528791897,2016-01-24 04:57:19+00:00,"Any agent of (company account)? Usap tayo.  ğŸ’™
#SarahGforManulifeMOVE 
#JamesReidforManulifeMOVE",contact.contact
610883272,2015-12-03 09:41:21+00:00,This wasnt the first when promised turn around time wasnt met &amp; no feedback nor apology. This is the 3rd bad #customerservice (company account),faq.bad_service
627482707,2015-10-28 15:19:48+00:00,"Good pm (company account), when will be the announcement for the 5th winner of #StartYourStory? Thank you in advance for your response. :)",general.query
729280723,2015-08-17 05:51:42+00:00,Disappointed/royally pissed off w/ (company account)'s agents &amp; their non-existing aftersales service. Also your notification system's lacking.BUT,faq.bad_service
641899947,2020-11-24 16:57:25+00:00,"Hi (company account). can you hand carry a skateboard that's at 3.5 feet? 

thank you!",general.query
521125374,2020-11-24 14:33:26+00:00,"Ang kapal ng mukha niyo talaga (company account) â€˜yung refund ko, 8 months na wala pa rin!!! Mga peste kayo!!",faq.bad_service
898682277,2020-11-24 12:58:36+00:00,sana pachristmas niyo na (company account) na mairefund ang mga tickets namin. wala na nga kami christmas bonus e. yung refund na lang inaasahan ko ngayong christmas hahahahaha,general.comment
640089504,2020-11-24 12:46:50+00:00,mag one year na di ko parin nakukuha refund ko sa ticket.... ano na (company account) ğŸ¤¡,faq.bad_service
596966564,2020-11-24 11:59:28+00:00,Ang corny ng (company account) bakit within 90 days lang pwede irebook yung cancelled flight? Sana consider nyo rin panahon ngayon no? Konting adjustment lang,general.comment
721779236,2020-11-24 02:23:47+00:00,"Reminder to self: Don't be tempted to book flights! May utang pa sayo @AirAsiaFilipino and (company account)!

Grabe yung March pa po na flight ğŸ˜¡",general.comment
333848241,2020-11-24 01:45:57+00:00,hello (company account) please reply to my message urgent please,general.assist
891849629,2020-11-23 12:45:50+00:00,Thanks (company account) for my refund its been along months but atlest you give it  back my money,general.comment
597458345,2020-11-23 02:33:16+00:00,refund all our money first (company account),general.comment
405082868,2020-11-23 01:42:58+00:00,Hoy (company account). Refuuuuuuuund!!!!!! ğŸ˜¡ğŸ˜¤,general.comment
132406255,2020-11-23 00:43:13+00:00,May mas lala pa ba sa refunding system ng (company account)? Pareho lang tayong di ginusto tong pandemic. ğŸ˜”ğŸ˜,faq.bad_service
630596671,2020-11-23 00:24:03+00:00,Hello (company account) i have a concern regarding my refund last August 28. Please check your dm.,contact.contact
576411580,2020-11-23 00:17:11+00:00,still waiting for a refund (company account)... you are giving us a hard time especially the ones who are not from the Philippines. Itâ€™s beeeeeen 8 months ğŸ˜¡,general.comment
114214770,2020-11-22 13:59:20+00:00,Hi (company account) is it possible to get the refund before next year?,faq.turnaround_time
434837905,2020-11-22 13:42:33+00:00,It's ridiculous how (company account) is the only company that takes a year to refund charges when some bigger companies just take 1-3 days.  Inefficiency and incompetence at its finest!!!!! ğŸ˜¡ğŸ˜¡ğŸ¤¬ğŸ¤¬,general.comment
337544501,2020-11-22 05:00:45+00:00,"The covid vaccine from Pfizer is at 95% already, yet my (company account) ticket refund since March has yet to see any progress ğŸ¥´ They first said, 3-4 months, and then 5, 6 and now they say 7 months. Sksksks.",general.comment
449364482,2020-11-21 20:37:47+00:00,"hello (company account) please reply to my messages,.thank you from @venusiyana",contact.contact
193895427,2020-11-21 20:37:06+00:00,"hi (company account) please read my messages,..thank you",contact.contact
489782867,2020-11-21 19:36:37+00:00,"Bakit ganyan mga agents niyo? â€˜Di nagbabasa ng previous conversations, paulit ulit na lang ako dito â€˜di nila ako maintindihan. Ibalik niyo sa training â€˜yan (company account)",faq.bad_service
633354381,2020-11-21 16:28:04+00:00,Hi @TVPatrol @GMA_PA Can you please call out (company account)  for delaying our refund? Napaka unacceptable na ng reason nila.,faq.bad_service
360023014,2020-11-21 16:26:20+00:00,"Saan ba pwedeng mag reklamo LEGALLY. Binobogus na tayo ng (company account) sinasabi transmitted na ung refund, pero more than 1 month na e hindi pa din pumapasok sa account. Sa haba ng inantay para sa refund, another 7 months na naman daw ang aantayin.",faq.bad_service
484885843,2020-11-21 13:35:47+00:00,"Hello, (company account) ! Pansina ko please hehe

 kalisod mag beg ug attention oy hahahahaha",contact.contact
799616320,2020-11-21 12:11:31+00:00,Read MY DM asap (company account),contact.contact
148060298,2020-11-21 11:38:11+00:00,Hi (company account). I have sent you a DM regading refund. Hope to hearing from you the soonest.,contact.contact
316804508,2020-11-20 02:27:53+00:00,Meron na pa lang HOLD FEE ang (company account) on top of their payment if payments made in the payment centers. Tapos within 8 hours dapat babayaran na. Unlike dati na same price sa website tapos 24 hrs ung holding time. Lecheng pandemic to. Kaya prepare nlang ng cc or debit. ğŸ˜ªğŸ˜©,general.comment
861450435,2020-11-20 01:21:21+00:00,Thanks you @homecreditph (company account) for your birthday greetings :),general.comment
682880256,2020-11-20 00:43:02+00:00,Grabeh naman yung 7mos to get a refund (company account) ğŸ™„,general.comment
580622827,2020-11-19 21:37:41+00:00,Hello po (company account) just want to ff-up again po the travel refunds ko as its 8 months na po kasi alang balita. Salamat,general.assist
797060113,2020-11-19 13:05:00+00:00,"So, @cebupacificair will process my refund request last April on Feb 2021. Really?! What happened to 30 business days up to 5 months?! Care to explain?!!",general.comment
582335107,2020-11-19 09:50:32+00:00,Haler (company account) maabutan po ba ng Pasko at Bagong Taon ang mga refund namin? Salamat po in advance sa copy-paste na reply niyo! NKKLK! âœˆï¸âœˆï¸âœˆï¸,general.comment
471441128,2020-11-19 08:07:50+00:00,"Unbelievable (company account) , unbelievable! ğŸ˜©ğŸ˜©",general.comment
887587467,2020-11-19 05:13:21+00:00,I need my refund pls!!! @AVA_airasia (company account)  ğŸ¤¯ğŸ˜¤ğŸ¤¬,general.comment
742096074,2020-11-19 04:56:02+00:00,Hi (company account) . I have a flight to Dubai next month that was canceled. I wanted to rebook it but Iâ€™m unable to do so. Iâ€™m getting an error message from your website. Pls help.,faq.bad_service
319091355,2020-11-19 04:44:55+00:00,Sobrang tagal mag transfer ng (company account) ng travel fund. Sabi ng agent 24-48hrs and i called 1st week of Nov pa. It has been 2 weeks and wala prin. The flight i want to book is now priced at 5k supposedly 2k lng. ğŸ˜¡,faq.bad_service
247974007,2020-11-19 04:06:06+00:00,Calling out (company account)  bakit di kayo nagrereply sa DMs ko????,faq.bad_service
696224386,2020-11-18 19:54:41+00:00,Super tagal na po ng refund ko (company account) anuna. Itâ€™s been 6 months.,faq.bad_service
855327086,2020-11-18 15:32:03+00:00,"Spell scam: CEBU PACIFIC
(company account)",general.comment
523719965,2020-11-18 15:14:47+00:00,Hay naku (company account) cancelled our flights again. ğŸ™ƒ,general.comment
114657409,2020-11-18 11:49:05+00:00,Maaabutan po ba ng new year yung refund ko tnx (company account),faq.turnaround_time
115916421,2020-11-18 09:27:28+00:00,Yuhoooo (company account) pasagot naman DM please! Thank you! 7mos na wala pa din refund :),contact.contact
102366151,2020-11-18 09:12:20+00:00,"Hi (company account), you texted me that I need to submit contact information (guest details) before November 18, 2020 but I can't find the link of where to submit them. Please advise. Thanks.",general.advice
634755768,2020-11-18 07:01:24+00:00,hello (company account) please read my messages and reply thank you,contact.contact
355421325,2020-11-18 07:00:49+00:00,hi (company account) please reply my dm,contact.contact
655921715,2020-11-18 06:58:31+00:00,good day (company account) please reply tO my messages please,contact.contact
242702151,2020-11-17 19:04:16+00:00,anu na @Converge_CSU at (company account) ???? NAPAKA HASSLE NYO SA BUHAY,general.comment
104498396,2020-11-17 16:03:41+00:00,Pwede rin ba yung #WhereismyRefund #NasaanangRefund (company account),general.comment
247889378,2020-11-17 13:27:56+00:00,hi (company account) reply to my dm please,contact.contact
403514545,2020-11-17 13:16:47+00:00,hello (company account) please reply to my dm,contact.contact
883853034,2020-11-17 10:36:19+00:00,Tawang tawa siguro (company account)  sakin gabi-gabi check lang ako ng check ng flights parang tanga lang mag window shopping feeling. Shuta gusto kona mag travel!!!,general.comment
160180219,2020-11-17 10:13:45+00:00,Hi (company account) messaged you re TF. For your assistance please. Thank you!,contact.contact
104789115,2020-11-17 07:54:00+00:00,What are the requirements for MNL-BXU flight? (company account),faq.application_process
693523992,2020-11-17 03:07:04+00:00,"Syempre noh, di natin makakalimutan ang refund natin sa Cebu Pacific Air (company account) na walang kwenta! Blah blah blah. Nasalanta na ng 2 bagyo wala pa din yung pera. Kung kailan kailangan na kailangan. Ang galing nila diba?",faq.bad_service
243182657,2020-11-17 02:13:19+00:00,Istg @PLDT_Cares customer service is the worst in this planet- aside from (company account),general.comment
346431388,2020-11-17 01:28:44+00:00,Kapit lang (company account) kaya niyo yan. And sana ma refund lahat as soon as possible kase mukhang sandamakmak na mura na natanggap niyo. ğŸ™,general.comment
759188122,2020-11-17 01:05:26+00:00,"CebPac selling tickets for travel next yr is tempting me to book tickets for Japan. But what if they cancel my flights again? They havenâ€™t even refunded me yet for the one in March. ğŸ˜’ğŸ˜’ğŸ˜’

(company account)",general.comment
154319194,2020-11-16 16:04:37+00:00,Ano na (company account)  ? Kelan ko makukuha refund ko ? 6mos. Na . Enebeyen ğŸ™„ğŸ˜ª,faq.bad_service
193826547,2020-11-16 12:49:23+00:00,"WALA!! PURO WAIT. PUTANGINA. BAKA NORMAL NA'T LAHAT LAHAT DI PA MANIGAY REFUND KO, (company account)",general.comment
157306499,2020-11-16 04:43:41+00:00,Anona (company account) when will i get my refund itâ€™s been half a year!!!,faq.bad_service
342279829,2020-11-16 03:34:15+00:00,"â€œHmm, looks like all of our agents are occupied. ğŸ˜¥â€ AS ALWAYS (company account) AS ALWAYS ğŸ‘",general.comment
132489746,2020-11-16 02:44:35+00:00,"Hi (company account) baka naman pwede irefund mo na yung cancelled flights ko, pangdonate ko nalang samin.",faq.after_sales
817205778,2020-11-16 01:09:45+00:00,"Grabe kayo @flyPAL , you promised a refund on our flights after 2 months. 3 months na wala pa rin. Buti pa (company account) , very transparent, they really inform customers if it would take 6 months.",general.comment
858678511,2020-11-16 00:54:06+00:00,Haler (company account) anong petsa na? Baka naman gusto na ninyo ibalik mga refund namin! 39 days to go na lang at Pasko na! Juice Colored! âœˆï¸âœˆï¸âœˆï¸,general.comment
181816725,2020-11-16 00:53:51+00:00,Haler (company account) any advisory kung kelan ang refund namin? Aba magsi-six months na po at wala pa rin. Baka magPASKO na at nga-nga parin kami kakahintay. Juice Colored! ğŸ¤¦ğŸ»â€â™‚ï¸ğŸ¤¦ğŸ»â€â™‚ï¸ğŸ¤¦ğŸ»â€â™‚ï¸,faq.bad_service
870618444,2020-11-16 00:53:48+00:00,Hindi responsive ang (company account) sa pagtulong sa kanilang mga clients no?,general.comment
768752048,2020-11-15 13:16:48+00:00,"Di lalim magtagad sa almost 25k na refund sa (company account) ug @airasia, daghan pa unta magamitan ang kwarta. Paspas kayo mucharge sa mga cards ug bank accounts pero ig refund na, hasta kahasola. Makaleche.",general.comment
678998851,2020-11-15 11:22:54+00:00,"kalami makadawat utro ug email gkan sa cebupac na naay attachment sa itinerary oyy

pero mas lami makadawat ug refund ğŸ¤ª (company account)  hello",general.comment
490929280,2020-11-15 07:07:16+00:00,Musta naman po ung refund ng ticket @AirAsiaFilipino? Saka (company account)?,faq.bad_service
324768920,2020-11-15 04:55:31+00:00,hirap maging unemployed. anong petsa papo kami papasok? (company account),general.query
511259374,2020-11-15 01:40:24+00:00,Follow up for refund (company account) !!! more than 6 months na to wala parin ang refund! Booking number NFCTPJ at EEUCYJ!!!!!,general.assist
393180859,2020-11-14 12:56:25+00:00,"Hello (company account), kindly see my DM.",contact.contact
389967720,2020-11-14 12:40:04+00:00,Fly high soon (company account),general.comment
638431661,2020-11-14 07:13:17+00:00,Hands down sa chat support ng Grab app. SANA ALL. @SecurityBankPH (company account),general.comment
832988862,2020-11-14 07:08:46+00:00,"May nakuha ba kayong response from @flyPAL (company account)  sa emails? Huhuhu. Wala pa rin sa akin, eh. Sana makatulong din sila. ğŸ˜­ğŸ˜­ğŸ˜­",general.comment
187343462,2020-11-13 20:30:03+00:00,"Genuine question,
Maaari bang magbigay ng aerial assistance at this point ang mga airline tulad ng (company account) @AirAsiaFilipino @flyPAL etc, sa #RescueCagayanValley #RescueTuguegarao?",general.query
134931221,2020-11-13 17:03:11+00:00,hello @flyPAL (company account) @airasia baka lang ano po,general.query
615363079,2020-11-13 14:44:13+00:00,"please (company account) resend my booking reference number, bkk-pvg 7.9.21 1 stop in manila",general.assist
842894574,2020-11-13 13:20:37+00:00,Hello (company account) â€¼ï¸ Pasko na po. Kumusta na refunds namin?ğŸ™„,faq.bad_service
878948062,2020-11-13 12:11:46+00:00,Ano na bhi3 (company account) ung refund ko 7months na nakalipas pumuti na ako ulit kung sakali d nyo pa din naibigay refund ko hahahah,general.comment
365419351,2020-11-13 10:52:58+00:00,So disappointed with the service of (company account) ğŸ˜”,general.comment
192771547,2020-11-13 07:15:23+00:00,"Hi (company account)  
Have sent a DM to follow up the status of our refund. Hope you could help us.  Thanks.",contact.contact
199337973,2020-11-13 05:47:38+00:00,Haha itâ€™s been almost a year na since I requested for a refund from (company account) and I still didnâ€™t get it whooo ğŸ‘ keep up the good work you guys!! ğŸ‘ğŸ˜Š,general.comment
635973855,2020-11-13 04:59:29+00:00,Tuloy na po ba ang flight Operations ngayong araw (company account) ? Pls update us. Keep safe,general.query
509524941,2020-11-13 02:51:06+00:00,"Friday the 13th 2020 means 13th month na bukas.
Hays. Pagkatagal inantay.
Sa bayarin lang din mapupunta.
San na po refund namin (company account)?
Baka naman kayanin before Christmas oh.",faq.bad_service
212170787,2020-11-13 02:02:08+00:00,Hi (company account) sent you a dm regarding cargoesâ˜ºï¸,contact.contact
789793758,2020-11-13 01:33:37+00:00,Musta na kaya yung refund namin sa (company account)? April pa yun. ğŸ˜”,faq.bad_service
265679516,2020-11-12 23:21:45+00:00,Hello (company account) where is my refund. My flight was last March 29 and still no refund!,faq.bad_service
470710615,2020-11-12 22:59:31+00:00,Anyone knows where else I could file a complaint against (company account) ? I already have one pending with CAN,faq.bad_service
130295240,2020-11-12 21:45:03+00:00,"hello (company account) please reply to my dm,.! thank you",contact.contact
613615432,2020-11-12 15:51:49+00:00,Hi (company account) please check DM have question po. TY,contact.contact
100283069,2020-11-12 13:16:27+00:00,Katagal ng refund ng (company account).ğŸ¥²,general.comment
250522710,2020-11-12 12:02:36+00:00,High blood na ako (company account)  ğŸ¤¬ğŸ¤¬ğŸ¤¬,general.comment
214241964,2020-11-12 09:07:54+00:00,Hi. Nag private message ako ğŸ™„ğŸ™„ (company account),contact.contact
303832198,2020-11-12 06:45:20+00:00,"Hi, (company account)! I sent you a request via DM here in Twitter, please check. Thank you!!!",contact.contact
647922476,2020-11-12 06:36:07+00:00,Poor customer service (company account),general.comment
633712348,2020-11-12 05:49:31+00:00,"hi (company account) please reply to my DM,.thank you",contact.contact
631106733,2020-11-12 00:34:03+00:00,"I can't believe na magiging 8 lg ang flights ko for 2020. I was supposed to do   over 20. Tsk! Pahirapan na nmn itong lipad pauwi this December. Ilang cancellations kaya aabutin ko sa (company account)? ABANGAN.

3 CebPac Cancellations = @airasia 
2 AirAsia Cancellations = @flyPAL",general.comment
155714746,2020-11-11 22:26:36+00:00,"Any domestic flight cancellation update today,? 
@cebupacificair @flyPAL @AVA_airasia",general.query
515641808,2020-11-11 21:15:33+00:00,Hello (company account) i had my response na po regarding to my bookings for refund. Pls help its been 7 months now.,general.assist
699283233,2020-11-11 19:46:06+00:00,"Hello (company account) , it is already 7 months of no refund. Not looking forward for anniversary.  Lest we forget. #CebuPacificRefund",general.comment
801732682,2020-11-11 19:15:42+00:00,"Napakasinungaling at galawang scammer naman pala. Tumawag sakin chargeback officer unit ng BDO, WALA DAW KAYONG PINOPROCESS NA REFUND AT BINABABALIK NA PERA. ARPIL PA TO OY. PLS CHECK DM (company account)",contact.contact
746754059,2020-11-11 14:17:17+00:00,Flight was cancelled due to pandemic. Let's try again next year ğŸ¤£ Iloilo in July #CebuPacific1111 Thanks (company account) ğŸ¤£,general.comment
267317884,2020-11-11 11:10:49+00:00,"when will (company account) give us our refund? been waiting since forever but when we call, even their customer rep would say they do not know. hahayy",faq.bad_service
679964970,2020-11-11 09:53:19+00:00,Hindi ko ugaling maging irate na customer kasi isa din ako customer service representative pero grabe nmn ata yung 11 months na paghihintay para sa refund! Gusto ko lng nmn maibalik nyo yung PERA KO! hindi yan hiningi ko lng! Pinaghirapan ko po yan! (company account),general.comment
128962009,2020-11-11 06:28:00+00:00,"Sa gitna ng uncertainty at di pagproseso ng refund, nakapag seat sale pa ang (company account) ha",general.comment
644643796,2020-11-11 06:13:37+00:00,Kailangan ibalik na ng (company account) yung travel fund ko hahaha Ill fly soon!,general.comment
514758006,2020-11-11 04:57:42+00:00,"Bibili sana ako ng cookware sa shopee. Super tagal ko nang gusto bumili ulit ng cookware. Pero, mas nanaig yung love ko sa travel. Si (company account) yung nakabiktima saken tuloy. Shopee/LAZ, who? #pisofare",general.comment
898833022,2020-11-11 02:48:03+00:00,"Got a 2-way international flight for 1,600! Thanks (company account)!

#WeWillTravelAgain
#PisoFare",general.comment
296902335,2020-11-11 02:21:57+00:00,11.11 sale ng (company account)  pero paano di naman ako sure kung nasaan na ako sa 2021.,general.comment
752067871,2020-11-11 02:17:04+00:00,11.11 (company account) â¤ï¸â¤ï¸â¤ï¸â¤ï¸,general.comment
721417501,2020-11-11 01:45:16+00:00,My travel fund is missing!!! (company account) ğŸ˜¡ğŸ˜¡ğŸ˜¡,general.comment
258898646,2020-11-11 01:38:25+00:00,Hi (company account) tomorrow you have a flight from Manila to Iloilo for Iloilo City residents. @CoffeePundits,general.comment
196057466,2020-11-11 01:37:44+00:00,Ang dami ko na sigurong na-book na flights ngayon 11.11 kung wala lang Corona!! Hahaha!!! Hoy (company account) meron pa ko refund na 7k! June pa yun ğŸ˜­ğŸ˜­,general.comment
729587722,2020-11-11 01:27:25+00:00,Taenaaa!! Lahat ng refund ko sa (company account) wala pa din. Tapos ang sabi next year na papasok sa account ko. ğŸ¤¦ğŸ¼â€â™€ï¸ğŸ˜©,general.comment
329365806,2020-11-11 00:49:17+00:00,Hello (company account) may we ask if we can use 2 travel fund at once?,faq.app_use
897114271,2020-11-11 00:49:00+00:00,What to do for the affected flights from the typhoon (company account) ???,faq.app_use
528498809,2020-11-11 00:46:42+00:00,Any updates (company account) ? May flight po ako Friday. Matutuloy po ba. May tatlong incoming na bagyo. It's sunny day ğŸŒğŸŒ„ğŸŒ„today time to prepare. Thank you,general.query
365357305,2020-11-10 23:34:14+00:00,Piso fare sa (company account) . Pabalik muna po ng refund.,general.comment
230250369,2020-11-10 23:20:39+00:00,scam tlga yang promo ng (company account) .,general.comment
878749559,2020-11-10 20:11:59+00:00,No more Basco trips? ğŸ¥ºğŸ¥º (company account),general.query
188618965,2020-11-10 19:40:14+00:00,Marked NOT safe from 11.11 ğŸ’¸ @ZALORA (company account) @ShopeePH #puyat,general.query
364285380,2020-11-10 18:23:32+00:00,DI NGA NAGPABUDOL MASYADO SA SHOPEE AT LAZADA PERO SA PISO FARE NAMAN NABUDOL. TNX (company account),general.comment
858976319,2020-11-10 17:53:25+00:00,nyeta!!!!!!!! (company account),general.comment
473556121,2020-11-10 17:24:50+00:00,Gusto ko sana mag book ng flight sa cebpac kaso yung refund ko until now wala pa rin (company account),general.comment
561570944,2020-11-10 17:21:12+00:00,gusto kong pumunta mg IAO. tangina niyo (company account) ayusin niyo app niyo. ayaw mag proceed sa payment. paulit ulit lang?? ako nga ang lilipad wala nang iba.,faq.bad_service
132187658,2020-11-10 17:05:24+00:00,Shuta Hello Tokyo next year hahaha. (company account) 11.11 budol sale ğŸ˜‚,general.comment
638186529,2020-11-10 16:55:35+00:00,Si (company account) laging sale pero laging cancelled. ğŸ˜‚,general.comment
190898855,2020-11-10 16:50:04+00:00,Nakakatrauma na mag book sa (company account) â€” bala kayo jan bigay nyo muna refund namen ğŸ™ƒ,general.comment
125135993,2020-11-10 16:48:40+00:00,Peste cancelled credit card na yung ginamit ko nung binook ko yung cancelled flight. HUHUHU CAN I STILL REFUND IT? (company account),general.query
135143806,2020-11-10 16:38:23+00:00,Saya sana magbook kaso naalala ko mag 7 months na wlaa pa dn kayo refund (company account) ğŸ˜¤,general.comment
387063907,2020-11-10 16:30:00+00:00,Hay nako @GetGoPH App Grrrr (company account),general.comment
155866861,2020-11-10 14:22:44+00:00,6months pa yung refund sa (company account) kaumay! dapat pala ginawa ko nalang travel fund.ğŸ¤¦,general.comment
850248948,2020-11-10 13:17:29+00:00,Kumusta refund natin besh? Hanggang ngayon for transmittal pa rin ba sa bank? (company account),faq.bad_service
493810572,2020-11-10 11:02:10+00:00,5 months of waiting for (company account) â€˜s refund is enough!!! Give us back our hard earned money! @RTVMalacanang  @ABSCBNNews  @gmanews @KM_Jessica_Soho,general.comment
452310458,2020-11-10 10:33:38+00:00,Itâ€™s been 9 months (company account) any updates please??,faq.bad_service
720392959,2020-11-10 10:30:22+00:00,Iba din (company account) may pa 11.11 pero ung refund na limang buwan parang mass testing lang. Di mahagilap,general.comment
148446430,2020-11-10 09:04:05+00:00,Follow up on my refund pls (company account),general.assist
585529094,2020-11-10 08:54:32+00:00,"So this is the second time that (company account) has cancelled my confirmed flight. And every time I try to rebook, itâ€™s always error in the mobile app, and I can no longer book, so itâ€™s only refundâ€”which freaking takes an eternity to be credited back. Can I just rebook in peace??",faq.bad_service
320437427,2020-11-10 08:25:30+00:00,"Hello (company account), 4 months na wala parin action sa concern ko? ğŸ˜£ğŸ˜‘ huhuhu",faq.bad_service
215692086,2020-11-10 08:09:35+00:00,5 billing cycles passed and still no refund from (company account). ğŸ¤¡ Said that the bank transmittal may take a bit more time to complete but 5 mos. have passed. Is it not enough time? You actually said 4 mos. at first. A genuine customer assistance will be highly appreciated.,faq.bad_service
395340004,2020-11-10 06:40:10+00:00,Iâ€™m telling you guys never ever get hooked on (company account)  promo esp these days. They got horrible CS &amp; wont give you back your money @UrServiceBlows @ShieldVoC,general.comment
306325440,2020-11-10 06:24:52+00:00,Over a half a year to wait for your refund? Thatâ€™s just extremely unacceptable. What do you say (company account) ?  @UrServiceBlows @ShieldVoC,faq.bad_service
725733030,2020-11-10 06:21:51+00:00,grabe mag refund (company account) inabot na ng 7 months wala pa din!!,general.comment
583470165,2020-11-10 05:56:38+00:00,Hello po (company account). Required po ba ang swab test result for domestic commercial flight passengers?,faq.after_sales
488206488,2020-11-10 05:49:35+00:00,Mag anniversary na yung refund ko (company account) aabot ba ng forever?,faq.bad_service
786379408,2020-11-10 04:17:52+00:00,"Already received a cancellation notice from (company account) for my Jan 2021 travel to Davao.

I'll get a travel fund instead and use it sometime April.

Next kaya yung Siargao and Iloilo ko? ğŸ˜£ğŸ˜“ğŸ˜«",faq.termination
242949010,2020-11-10 03:18:44+00:00,Dmed you!!! Pls notice (company account),contact.contact
144280743,2020-11-10 02:46:10+00:00,"hey (company account) , when will you issue your refund? Thanks.",general.query
836968597,2020-11-09 13:44:02+00:00,Hello (company account) 4 months nalang one year na yung refund ko!!! Pwede na tayo mag celeb ng anniversary nyan! ğŸ¤£,general.comment
219053432,2020-11-09 13:37:11+00:00,"Hi, (company account). Are 60+ year-olds allowed to fly to Manila from Agusan? Or should we start walking now? Loljk pero seryoso.",general.query
508530370,2020-11-09 13:25:37+00:00,Can someone assist me? (company account),general.assist
721532397,2020-11-09 12:20:34+00:00,"After almost a year, this is just the only time Iâ€™d get to thank the Cabin Crew of (company account)  you are all the best! Thank you for the pleasant travel experience and exceptional customer service. God bless you more!ğŸ’›",general.comment
224771701,2020-11-09 11:02:31+00:00,Paano ba macall attention ng (company account)? Di sila sumasagot sa mga queries ng clients nila.,faq.bad_service
378836752,2020-11-09 10:06:45+00:00,Still waiting for the refund (company account) any update?,faq.bad_service
852008475,2020-11-09 08:29:33+00:00,Ang saya ko kasi March pa ko nagpaparefund sa (company account) kaso malapit na mag-December wala pa rin yung refund. Di ko gets bakit natagalan pero thank you At least na-experience ko ang uber delayed refund! Thank you talaga!!!,general.comment
494632342,2020-11-09 05:53:25+00:00,It's been 5 months na hindi narerefund then I received the cancellation of 3 of my flights this morning. Ano na? (company account) wala na kong pmbili ng susunod kong flights. :(,faq.bad_service
623814858,2020-11-09 04:57:48+00:00,Checking my credit card for refunds takes me back to March of this year.  I now realized (company account) was the reason why a lot of people got stranded in Manila. If hindi lang sana sila nagcancel ng flight last minute.,general.comment
251889392,2020-11-09 03:51:21+00:00,Wow naman (company account) next year pa alis ko cancelled na agad ticket koğŸ˜«,general.comment
227138228,2020-11-09 03:31:58+00:00,hi i sent a dm please get back to me today (company account),contact.contact
105921287,2020-11-09 02:50:43+00:00,woke up to news that (company account) cancelled my December flight ğŸ˜‘ğŸ˜‘ğŸ˜‘ğŸ˜‘,general.comment
292587915,2020-11-09 01:45:18+00:00,Haler (company account) anong petsa na? Baka naman gusto na ninyo ibalik mga refund namin! 46 days to go na lang at Pasko na! Juice Colored! âœˆï¸âœˆï¸âœˆï¸,faq.bad_service
177514664,2020-11-09 01:43:22+00:00,Haler (company account) any advisory kung kelan ang refund namin? Aba magsi-six months na po at wala pa rin. Baka magPASKO na at nga-nga parin kami kakahintay. Juice Colored! ğŸ¤¦ğŸ»â€â™‚ï¸ğŸ¤¦ğŸ»â€â™‚ï¸ğŸ¤¦ğŸ»â€â™‚ï¸,faq.bad_service
534088208,2020-11-09 00:37:54+00:00,"#GOT7KEEPSPINNINGinBKK ung matagal nako nakarefund ng ticket pero ung refund ng flight tickets ko, wala paren.  hello, (company account)",general.comment
135127042,2020-11-08 17:53:57+00:00,"Another cancelled flight. So ilan na refund ko at kailan ko makukuha refund ko? Uyyyyy, hwag seenzone ha mag reply din ho. (company account)",faq.bad_service
836129492,2020-11-08 16:24:08+00:00,Itâ€™s been 7months and still no refund (company account),general.comment
130672876,2020-11-08 16:03:05+00:00,It has been around 6 months already and I havenâ€™t received my refund yet ğŸ¥´ (company account),general.comment
667114838,2020-11-08 14:52:02+00:00,hi (company account) please read my messages,contact.contact
802503573,2020-11-08 14:06:06+00:00,Hi noel! This is Lira. We're sorry that we were not able to process the refund as promised.  We will forward the booking to our Refund Team to further check ......(company account)  another message .. pls check @DOTrPH,general.assist
434033946,2020-11-08 12:42:46+00:00,"Cebupac &amp; NikePark, aba galaw galaw sa refund. It's been 7 months, mas mauuna pa ba matapos Covid bago ma-refund sa'kin? (company account) LOL HINDI NAMAN PO KAYO MABA-BANKRUPT SA I-REREFUND KO E.  #CebupacLangMalakas
#CebuF*ck",general.comment
665467458,2020-11-08 12:38:18+00:00,Ano na (company account) ? I sent you a DM yet wala pa din kayo reply...,faq.bad_service
109599015,2020-11-08 09:50:45+00:00,Hi. November na po... san na refund ko? Baka umabot pa next year. Baka lang naman ğŸ¤¦â€â™€ï¸ğŸ™„ (company account),faq.bad_service
590199999,2020-11-08 07:35:50+00:00,hello (company account) my flight was cancelled in February but I havent received my refund yet. Ano na?,faq.bad_service
724643258,2020-11-08 04:45:47+00:00,Please never deal/fly with (company account)!! Really bad customer service. 9 months for a refund and still no update.,general.comment
379952736,2020-11-08 00:14:43+00:00,Hi (company account) is your caticlan to manila flight at 230pm today cancelled? Thank you,general.query
303681420,2020-11-07 13:04:32+00:00,hi (company account) please check your inbox from @venusiyana,contact.contact
173146217,2020-11-07 12:15:36+00:00,Hi (company account) naka checked in nako through your mobile app. I already have my boarding pass. Kailangan ko paba magpunta bukas sa check in counter or direcho nako sa boarding gate?,faq.after_sales
570924398,2020-11-07 11:39:42+00:00,Wala pa bang promo flights going to batanes next year? @SkyJetAirlines (company account)  @PALMabuhayMiles,general.query
473798951,2020-11-07 10:21:35+00:00,"Okay so nasa Antipolo na dapat ako today pero ayun super galing ng (company account) dahil hindi align ang information nila internally, tapos wala pang makausap na customer service like seriously??",general.comment
187072312,2020-11-07 10:08:59+00:00,I promise not to fly (company account) until they refund our flights.,general.comment
751235036,2020-11-07 09:11:17+00:00,"MODUS OPERANDI NG CEBU PACIFIC

This is to encourage everyone na HUWAG na bumili ng plane tickets from Cebu Pacific. MAGNANAKAW YANG MGA YAN

THREAD KUNG PAANO MANG MODUS AT MANGBUDOL ANG CEB PAC NGAYONG PANDEMIC (company account)",general.comment
569074145,2020-11-07 07:53:15+00:00,"Hi (company account), just wanna ask if swab testing is necessary for flight from manila to Cebu? thanks",general.query
742736551,2020-11-07 06:08:09+00:00,"Hello, I know that flights are also dependent on the LGU, but any opening of flights for ILO-MLA soon, (company account) ? Hehe",general.query
894589516,2020-11-07 03:16:07+00:00,"Never again with (company account). You guys are the worst when it comes to refund processing. Seriously, 1 year!! 1 freaking year!",general.comment
771157374,2020-11-07 02:03:08+00:00,Hello (company account)! Kamusta! GOT A DM FOR YOU.,contact.contact
652456933,2020-11-06 23:59:24+00:00,Hello (company account) My Flight was cancelled last March. You processed the refund last April. It's been 7 months already. Where is my refund?,faq.bad_service
742033311,2020-11-06 16:55:24+00:00,"For a virtual interlining platform to be viable, it must be plugâ€™nâ€™play for an airline to join and there must be a critical mass of airlines on the platform says (company account) Mike Szucs #PSS2020",general.comment
241209378,2020-11-06 15:19:54+00:00,Shitty talaga ang customer service ni (company account) magrereply lang if mag twetweet ka ng negative. Tried connecting through proper channels pero wala pa rin.,general.comment
327579505,2020-11-06 13:05:10+00:00,Hi (company account) is there any update on our refund base on your facebook statement you are already processing June refund how bout May? Already 6months and no update. Thank you!,faq.bad_service
466060472,2020-11-06 10:01:06+00:00,dear (company account) until when shall we wait for the refund it has been 8mos wla pa dn refund namin,faq.bad_service
134870424,2020-11-06 09:41:08+00:00,"So disappointing CebuPac. 7months na? Wait, uso mag refund. ğŸ˜¤ (company account)",general.comment
172896135,2020-11-06 09:39:06+00:00,pakisagot sa DM (company account),contact.contact
194953209,2020-11-06 06:58:48+00:00,"Dear (company account) 

Its been 3months and I havent receive my refund yet. Give me back my 8k. PLEASE!!!!!!!",general.comment
373014769,2020-11-06 05:56:49+00:00,DMd (company account),contact.contact
235561414,2020-11-06 00:22:50+00:00,Grabe ang bilis lng magrefund sa zoom wala pa 30 mins ğŸ˜­ğŸ˜­ğŸ˜­ sana ganun ka din (company account),general.comment
558235257,2020-11-05 22:26:04+00:00,"Need help, where can i legally complain (company account)  and @GetGoPH here in Australia? Any aviation ombudsman like how we complain about telcos? Thanks. My concern has been going on for weeks with no resolution from them.",general.advice
152033763,2020-11-05 16:20:49+00:00,Where is our refund? (company account) 9 months and nothing...,faq.bad_service
800856591,2020-11-05 14:09:08+00:00,"Im so lucky that I landed my 1st job in (company account), no discremation, fun field, free flights and 1st in the PHL to hire a transwomen as a Cabin Crew. Babangon tayo ulet #EveryJuanCanFlyAgain #YESToSOGIEBill #PassADBNow",general.comment
398213135,2020-11-05 13:44:32+00:00,i sent a DM (company account) regarding your travel requirements for the province. Thank you,contact.contact
779468715,2020-11-05 11:30:45+00:00,Napakashitty naman ng (company account),general.comment
318997817,2020-11-05 11:27:58+00:00,"I'm expecting refund from (company account) 5 billing cycle? My gooosh!

Singapore, hongkong, Macau! Makaka receive ba ko ng email para dito?",general.comment
210846382,2020-11-05 10:52:54+00:00,"Hi (company account) aside from social media, how do we follow up refunds? We have been waiting refunds since June. This is not just one booking by the way. We do understand the situation but at least we need to be updated of our request bec its been 5-6 months already. Thank you!",faq.bad_service
155251438,2020-11-05 10:52:24+00:00,"Hey (company account), where the fuck are my refunds??? Your press release on Facebook says you're now processing June refunds. Well, mine was on March 17. Where the fuck did you hide it? Don't tell me it takes so long for the bank to process. I work in that bank!",faq.bad_service
323757492,2020-11-05 10:42:40+00:00,"Cebu Pacific: ""We have refunded an additional P300 million since our last update, for a total of P2.7 billion, and are currently processing refund requests filed in June."" @bworldph (company account)",general.advice
744176631,2020-11-05 10:16:14+00:00,May balak pa ba kayo mag refund (company account)?,faq.bad_service
729645934,2020-11-05 03:22:05+00:00,Hi (company account) where do we follow up for ticket refund??,general.query
649660241,2020-11-05 03:20:54+00:00,"Dear (company account) when will you refund our payment for our flight that was cancelled last March? It has been 8 months, but according to your email, it will just take you 4 billing cycles!!",faq.bad_service
368270422,2020-11-04 18:38:32+00:00,Ano (company account)  buwan pa ako mag antay ng refund niyo? ğŸ‘¿ğŸ‘¿ğŸ‘¿ sabi within 5months ! ğŸ‘¿ğŸ‘¿ğŸ‘¿,faq.bad_service
622071359,2020-11-04 16:25:51+00:00,Maayong gabie diha @flyPAL (company account) @AirAsiaFilipino kamusta akong mga refund?,general.query
118144534,2020-11-04 14:53:13+00:00,Mag 6 months na yung pag process ng refund namin hahahahha (company account) baka naman ğŸ¤·ğŸ»â€â™€ï¸,general.comment
166821087,2020-11-04 14:39:21+00:00,Still waiting for my refund from Camiguinâ€™s Noveau Resort and (company account) from my cancelled trip last April. ğŸ¤¦ğŸ»â€â™€ï¸,general.comment
448635296,2020-11-04 14:02:53+00:00,CebPac refund will truly test your patience. 8 months of waiting ... and waiting ... still waiting ğŸ™ƒ 7 cancelled flights to be refunded. Ano na? (company account),faq.bad_service
205173243,2020-11-04 12:36:27+00:00,Pwede bang ipa Tulfo ang (company account)? Haha yung refund ko for my cancelled flight last March wala pa din. Ano na?? Aabutin ba ng 1yr??,faq.bad_service
477400405,2020-11-04 11:29:13+00:00,Hello (company account) is there any live person I can talk to regarding my flight? Your website is no help at all.,faq.bad_service
416421261,2020-11-04 10:30:26+00:00,Anu na (company account) 7 mos na ang pera ko sa inyo kailan niyo ba isosoli pwede na ako magdemand ng damages dahil tumaas ang finance charge ko dahil sa inyo!,faq.bad_service
137564098,2020-11-04 10:06:45+00:00,flash refund &gt;&gt;&gt;&gt;&gt; flash sale dapat (company account),general.comment
362977767,2020-11-04 09:20:50+00:00,Hello (company account) wala pa rin refund namin. Pakibilisan na po please. .ore than 6 months na....,general.comment
132820215,2020-11-04 08:21:31+00:00,"Thank you (company account) for answering my DMs about my refund.

@AVA_airasia when are you planning to check my DMssssss ğŸ¤¦â€â™€ï¸",general.comment
543613771,2020-11-04 07:15:26+00:00,"Hello (company account), ano na pong balita? Nauna pa mag-refund si PAL kahit nauna yung refund request ko sa inyo.",faq.bad_service
628358012,2020-11-04 05:15:35+00:00,Haler (company account) any advisory kung kelan ang refund namin? Aba magsi-six months na po at wala pa rin. Baka magPASKO na at nga-nga parin kami kakahintay. Juice Colored! ğŸ¤¦ğŸ»â€â™‚ï¸ğŸ¤¦ğŸ»â€â™‚ï¸ğŸ¤¦ğŸ»â€â™‚ï¸,faq.bad_service
313152689,2020-11-03 22:03:52+00:00,please (company account) read my messages please,contact.contact
399330823,2020-11-03 21:21:38+00:00,June pa pinaprocess refund sainyo hanggang sa nag august na dun palang kayo mag eemail ng need na requirements nganga naman pala!!!! haaay (company account) ğŸ¤·ğŸ¼â€â™€ï¸ğŸ¤¦ğŸ¼â€â™€ï¸ğŸ¤¦ğŸ¼â€â™€ï¸ğŸ¤¦ğŸ¼â€â™€ï¸,general.comment
248030755,2020-11-03 21:18:55+00:00,"Ano na (company account) !!!!! 2 buwan na mahigit yung paghihintay sa refund niyo, tapos humhingi pa kayo 5 mos ulit?!!!!! HAHAHA wala talaga kayo kahit kelan!!!! ğŸ¤¦ğŸ¼â€â™€ï¸",general.comment
169414685,2020-11-03 20:04:26+00:00,"hello (company account) please reply to my dm please,. its urgent from @venusiyana",contact.contact
791679697,2020-11-03 19:54:36+00:00,hi (company account) please read my messages please its urgent,contact.contact
358189560,2020-11-03 18:00:13+00:00,Hi (company account)  Please check DM thanks! â­,contact.contact
649177450,2020-11-03 15:31:36+00:00,Updates on refunds on payments via debit cards? (company account),general.query
739774109,2020-11-03 14:58:05+00:00,Hanggang ngayon wala pa din update sa aming refund. I sent it last June. Any update (company account) ? ğŸ˜•,general.query
346541143,2020-11-03 13:41:33+00:00,"Dear Santa, sana ibigay na ni (company account)  ung refund ko.",general.comment
582419297,2020-11-03 13:30:34+00:00,Maiinis ka nalang talaga sa (company account) Kasi ilang buwan ng ifollow up sa accounting!  Yung kailangan mo ung refund kasi may pag gagamitan ka?!  ğŸ˜ ğŸ¤¦â€â™€ğŸ™„,general.comment
221718602,2020-11-03 13:22:18+00:00,Kumusta naman (company account) Yung refund namin ilang buwan ng escalate sa accounting?! Anong petsa na oh? ğŸ¤¦â€â™€ğŸ™„,faq.bad_service
475372794,2020-11-03 10:49:49+00:00,Ano na (company account) ?? Malapit na mag 2021. Asan na yung refund ko? Naka ilang emails at dm na ako. ğŸ™„,faq.bad_service
228660437,2020-11-03 09:40:17+00:00,REFUND REFUND REFUND (company account) Jusko malapit na mag 8 months wala pa rin refund ğŸ™„,general.comment
719291581,2020-11-03 08:25:12+00:00,Kamusta na kaya ang (company account)? nag dm po ako sa inyu. Thanks and keep safe! :D,contact.contact
458516084,2020-11-03 05:09:56+00:00,Hello (company account) Asan na refund ko? Sabi nyo last April 24 na-process na.,faq.bad_service
360424450,2020-11-03 02:59:56+00:00,It's already November and still no progress regarding our refund. 5 months of waiting for nothing. How could you just ignore us (company account)?,faq.bad_service
861461216,2020-11-03 02:56:26+00:00,cebu pacific ano na 5 months na wala pa din refund namin for 3 flights please lang (company account) we can't even contact your phone numbers..,faq.bad_service
823231059,2020-11-02 20:27:08+00:00,Sent you a dm please acknowledge (company account),contact.contact
312271137,2020-11-02 14:06:25+00:00,Hi (company account) antagal naman ng refund nyo? Mag-8 months na nganga padin? Ano na??? Baka naman,faq.bad_service
273861584,2020-11-02 13:32:20+00:00,"Putang ina mo (company account) 8 months, wala pa din refund sa tickets ko. Ano na?",faq.bad_service
272414932,2020-11-02 11:09:37+00:00,I'm a bit excited for my trip thanks (company account) âœˆï¸,general.comment
664071488,2020-11-02 09:48:10+00:00,".(company account) hello, kailan po kaya mapaprocess yung refund? Salamat.",general.query
199794257,2020-11-02 06:44:19+00:00,not (company account) cancelling my flight for the third time ğŸ˜­,general.comment
725020698,2020-11-02 06:37:54+00:00,Is your ticketing office at NAIA Terminal 4 already open? Thank you! (company account),general.query
200099236,2020-11-02 04:34:15+00:00,Sent u a dm (company account)  beke nemen,contact.contact
365057596,2020-11-02 02:54:02+00:00,"Good day, (company account) I would like to ask if the flights going to Masbate in December are confirmed already? We booked a flight on Dec 6, Sunday. Thank you.",general.query
412718595,2020-11-01 18:36:36+00:00,"After (company account) cancelled my supposed to be flight next week to #Catanduanes, received another flight cancellation. This time its for #HongKong. So goodbye CNY2021 trip.",general.comment
711791738,2020-11-01 18:21:43+00:00,"Another cancelled flight. Total of **,***++ na yung for refund ko. Ano na (company account) naknangpu***",faq.bad_service
213775627,2020-11-01 15:07:07+00:00,"Hi (company account) I just got a text that our flight on January 'has been cancelled'. Willing to rebook, but how about the insurance? Automatic kasama ba sa pag rebook yun? Please notice me. Thanks.",general.query
442121379,2020-11-01 14:34:51+00:00,"Yung refund ko pala sa (company account) May pa according to them 4 billing cycles daw. Naka-5 na billing cycles pero wala pa din? Baka naman, may area of responsibility din kayo.",faq.bad_service
722631903,2020-11-01 05:52:00+00:00,"Survey tayo guys. Can we still trust (company account) ?
#yes or #no ?",general.query
172951304,2020-11-01 04:15:46+00:00,Huy (company account) anuuunaaa 6 months na wala pa rin refund ko.,general.comment
759706384,2020-11-01 00:25:05+00:00,haysss (company account)  ang hirap naman magrebook sa site niyo! ğŸ¥º bat po lagi loading ndi nagtutuloy??,faq.bad_service
547312874,2020-11-01 00:03:20+00:00,7am pedeng tumawag sa (company account) hotline. Aba tatawag palang ako ng saktong 7am busy agad lahat ng linya?? Whyyyyy!!! siguro naman konti palang natawag nun kasi kakastart palangğŸ˜ğŸ˜,general.comment
739953959,2020-10-31 15:17:00+00:00,Hello (company account) ... any updates of my refund? Ano na???? November na hoy.,faq.bad_service
138742081,2020-10-31 10:16:02+00:00,Kailan po maibibigay ung refund ko (company account),faq.bad_service
639467851,2020-10-31 07:33:07+00:00,Hi (company account) do i need to print my boarding pass after I checked in online?,general.query
397732147,2020-10-31 03:58:28+00:00,"Sorry @flyPAL but your internet connection failed you in today's interview with @DZMMTeleRadyo. 

(company account) and @AirAsiaFilipino did great today. ğŸ’›â¤âœˆ",general.comment
117232950,2020-10-30 15:44:17+00:00,"Hello (company account),

Mga gaano kaya katagal mag process ang acquiring banks nyo to transfer/pay the funds in my bank? How to follow up?",general.query
433182932,2020-10-30 07:56:07+00:00,Happy 8 months sa refund ko. Happy na kayo? (company account),general.comment
356241770,2020-10-30 07:02:34+00:00,"Hi (company account) , can you atleast answer our emails and calls regarding the status of ou refund? We cancelled the flight last april 2020 and still no feedback on the status. You are not answering our calls and our emails. What are we supposed to do?",faq.bad_service
202500658,2020-10-29 22:03:17+00:00,Almost 5 mos in Canada. At limang buwan na rin kami naghihintay ng refund ng ticket namin (company account) @flyPAL,general.comment
446067925,2020-10-29 13:42:16+00:00,"please (company account) check your inbox ,..its urgent please!!",faq.bad_service
135325568,2020-10-29 12:30:51+00:00,Buti pa @flyPAL nakapag refund na agad in 2 months. Yung Cebulok (company account) wala pa 7 months na requested yung refund. Hays.,general.comment
303291941,2020-10-28 20:32:45+00:00,Hi (company account) I need your assistance. Please refer to my private message here in twitter. ASAP,contact.contact
661881669,2020-10-28 14:13:10+00:00,Officially cancelled our ğŸ‡¯ğŸ‡µ trip. At long last (company account) extended flight cancellations to travel fund until December 31 flights! #EveryJuanWillFlyAgain soon! âœˆ,general.comment
660586208,2020-10-28 12:42:49+00:00,Ano na (company account) lagi na lang check your billing this month yung refund ko. Hanggang ngayon wala pa din. ğŸ¤¬ğŸ¤¬,faq.bad_service
363163255,2020-10-28 09:24:34+00:00,Hi (company account) we plan to resume work in Iloilo next month. Do you require RT-PCR/swab tests to your passengers? Thank you.,general.query
393939519,2020-10-28 09:07:45+00:00,Hello (company account). My emails regarding refund are not being replied. Can you please assist me? Thanks!,contact.contact
327300218,2020-10-28 04:26:29+00:00,kailan po magbubukas mga ticketing offices niyo (company account)? ğŸ˜”,general.query
878766677,2020-10-28 02:54:33+00:00,"nakaka baliw ka talaga (company account) 
nkklk ka",general.comment
334119243,2020-10-27 22:33:18+00:00,"I canâ€™t believe you wonâ€™t entertain phone calls. You told us to send our queries thru fb or twitter. I did send you fb mssgs but I was ignored again. Now, I made this twitter acct just to get hold of you guys (company account)",general.comment
492153016,2020-10-27 18:45:21+00:00,hey (company account) i am reverting on a dm. please reply asap.,contact.contact
619338323,2020-10-27 18:18:24+00:00,"huhu anuna (company account) my vietnam gp tickets were refunded faster than my flight tix ğŸ™ƒğŸ™ƒ and i just requested a refund last september, while i requested flight refunds last MARCH ğŸ™ƒ",general.comment
123766024,2020-10-27 16:00:28+00:00,Grabe â€˜tong (company account). Nakatatlong minor changes na sa flight namin â€˜di na lang i-cancel. Hahahaha cancel niyo na kasi pls.,general.comment
291134468,2020-10-27 14:01:40+00:00,What's with (company account) process of refund? It's been 6 mos since my request and until now it hasn't been credited back to my account. Their replies in emails were all auto-generated. Their social media pages are full of complains too. Keeps blaming the bank for their delays.,faq.bad_service
789730600,2020-10-27 06:09:23+00:00,"Hello (company account),

This to request conversion of ticket into TRAVELFUND, please seed details below:

Passenger Name/Booking Ref: (please see DM)

Note: Travel Fund MUST BE UNDER her Name or Booking Ref. No.

Thank you and Keep Safe! :)",general.assist
439758379,2020-10-26 12:27:54+00:00,Anong petsa na (company account) ğŸ™ƒğŸ™ƒ,general.comment
152774132,2020-10-26 11:29:25+00:00,I made a refund request due to flight cancellation with (company account)  last month but nothing has been credited back until now. Tried calling their hotline but it just directs me to their website. ğŸ˜¡,general.comment
563480696,2020-10-26 11:16:19+00:00,Hi (company account) can I follow up on my refund please? Months have passed by already. Thanks!,general.query
682789263,2020-10-26 06:14:44+00:00,Hi (company account) your customer service hotline is pure bullshit ğŸ™‚,general.comment
581744405,2020-10-26 02:09:16+00:00,Aahh. Hasula ninyo oi (company account),general.comment
849930308,2020-10-26 01:54:50+00:00,Whatâ€™s wrong with you (company account),general.comment
125436229,2020-10-26 01:19:52+00:00,"Thanks much for the prompt response. @PLDTEnterprise ğŸˆğŸ¥‚

I can work on personalizing. ğŸ“¶
Can't wait for the dial tone! 
We need to follow up with (company account) - refund processes. Mmmm.",general.comment
457903733,2020-10-24 19:47:21+00:00,Guys nakakaloka kayo! November na wala pa rin refund ko? Magsama kayo ng Philhealth (company account),faq.bad_service
671101222,2020-10-24 18:31:13+00:00,"Dios Mio! Sino ba programmer ng CebPac Online CheckIn Portal?
INVALID VALUE ON REQUIRED FIELD pero hindi naman naka-highlight kung aling â€œFIELDâ€ ka wrong entry! (company account) Refer ko kayo sa dati kong company, magagaling programmers namin, promise!",faq.bad_service
549963508,2020-10-24 16:52:01+00:00,KASTRESS (company account) ğŸ˜ ğŸ˜ ğŸ˜ ,general.comment
558753627,2020-10-24 06:49:31+00:00,"Hi (company account), when can I get my refund?",general.query
665054723,2020-10-24 01:13:16+00:00,How come PAL can refund almost immediately after cancellation but (company account) canâ€™t even refund our money even after 7 months?! ğŸ¤¯,faq.bad_service
363198557,2020-10-23 15:58:58+00:00,16k travel fund with (company account) hay sana maconvert sa cash at mabayaran ko ng mga utang ko haha,general.comment
741789112,2020-10-23 12:58:41+00:00,hi (company account) can we dm on an urgent matter please?,contact.contact
386290869,2020-10-23 12:36:20+00:00,"Hindi ko na natitrace kong ang mga cancelled flights na pinrocess ko for refund sa Cebu Pacific since March ay bumalik na sa credit card ko. HAHAHA. potang 5-month process kasi yan. kung payment, aura-mismo. Kung refund, 5 months or more? Nyare? Hi, (company account). HAHAHA!",faq.bad_service
785244335,2020-10-23 11:38:25+00:00,hello (company account),general.comment
394159548,2020-10-23 11:18:01+00:00,Hi (company account)! Please check my DM. I would like an update on the status of my refunds. Thank you.,contact.contact
894159880,2020-10-23 09:43:22+00:00,Hoy (company account) tangina 6 na beses na na cancelled flight ko! Dipota di niyo ko papulion?!!!!,faq.bad_service
742542233,2020-10-23 09:37:29+00:00,Ano na (company account) wala na paramdam?ğŸ˜¡ğŸ˜¡ğŸ˜¡ğŸ˜¡,faq.bad_service
514826611,2020-10-23 04:20:16+00:00,That 16k worth of refund from (company account) withheld from the time of cancellation approval must be subject to legal interest. Looking at possible legal remedies.,general.comment
734658982,2020-10-23 04:16:55+00:00,Hi (company account). Got a refund request approval email from you in July. I have not received any updates. Please send me a DM. Thank you.,contact.contact
183144126,2020-10-23 02:49:56+00:00,Sent you a DM (company account) please replyyyy asap,contact.contact
614193498,2020-10-23 02:16:13+00:00,"My credit card was compromised and thus, cancelled. My ongoing refund from my flight tickets are routed to this card. How could i update my record so that my new credit card will receive my refund, in lieue of the cancelled card??(company account)",general.query
377655050,2020-10-22 13:22:31+00:00,Ano na (company account) 2/8 cancelled bookings palang ang refunded. It has been 6 effin months!!!!! ğŸ˜¡ğŸ˜¡,faq.bad_service
525630764,2020-10-22 13:06:50+00:00,"Naaalala ko pa rin yung FA ng (company account) na tinawag akong ""the big girl at the back"" sa telecom thingy nila on my flight to attend my lola's wake. Uhm. He didn't get the memo that being a bitchy gay is not a personality. Problema nya sa weight ko?",faq.bad_service
472335063,2020-10-22 12:58:02+00:00,"Better to book a flight elsewhere than book (company account). Sa panahon ngayon na puro cancelled flights, maghihintay ka pa ng 6 mos or more for your refund. Sana kung convenient gamitin ang travel fund nila. Tssss.",general.comment
651187486,2020-10-31 14:25:59+00:00,"KOREAN LEARNING MATERIALS 

Fire PRICE DROP @ â‚±399 (Original : â‚±2,430)
These materials are intended for self study.

To Avail Please provide the ff:
1. Gmail Address
2. Mode of payment

Message us: https://t.co/Wgw8DGkRLc https://t.co/JcX4dOFroP",general.promotion
598017182,2020-10-22 12:55:24+00:00,"Nasan na ang pera namin (company account)? Nasa unearned revenue pa rin ba??? Malaking scam ang 4 billing cycles. More like half a year or more. Pagod nako magfollow-up. Scripted lang naman sinasabi nila. Puro salita, walang aksyon!",faq.bad_service
239372258,2020-10-22 12:51:13+00:00,"Almost 6 months. At this point, fairy tale na lang ata ang refund ko from (company account). Wala nakong pake sa understanding nyo sa frustration ko. Wala din akong pake sa PM PM us na yan. Di naman kayo nagrereply. Air Asia and PAL na lang talaga next time.",general.comment
887909596,2020-10-22 09:27:30+00:00,Hello (company account)! 7 months na wala pa rin yung refund? ğŸ¤¬,faq.bad_service
816055914,2020-10-22 07:41:12+00:00,ngayon ko na kailangan yung Cebu Pac refund... Ano na... (company account),general.comment
821461690,2020-10-22 04:46:26+00:00,"sana nmn (company account) na receive ko na ung refund. May 2020 pa na processed wala parin till now.
ğŸ˜¥ğŸ˜¥ğŸ˜¥
#cebupac #cebPac #refund #COVID19",general.comment
408410772,2020-10-22 04:14:22+00:00,hi (company account) please see my DM. I have requested my refund since april and IVE BEEN RECEIVING NOTHING BUT YOUR SCRIPTED REPLIES. 6 months na pero wala parin?? CMON FIX UR SHIT,contact.contact
390896665,2020-10-22 03:23:59+00:00,Cebu pac ano na? ğŸ˜’ğŸ˜’ğŸ˜’ uso ang refund (company account),faq.bad_service
815728934,2020-10-22 03:08:25+00:00,"Gusto ko man lang tane as a customer, explanation ngaa need icancel ang flight pero it's a ""developing story"" hahaha tangina niyo (company account)",general.comment
435212539,2020-10-22 03:04:21+00:00,"Ano ni ya kuno nga ""realignment"" lol customer service pero gagamit jargon shit inyo customer service sa email (company account) wala ko nanamian because of the fact nga gin notify ko nila after 2 weeks about sa cancellation sang akon flight? Feel ko may gn sal'ot ni sila nga VIP",faq.bad_service
782349917,2020-10-22 01:26:58+00:00,"Lucio Tan, Gokongwei, Romero still havenâ€™t paid refunds to struggling travel agencieshttps://bilyonaryo.com.ph/2020/10/22/lucio-tan-gokongwei-romero-still-havent-paid-refunds-to-struggling-travel-agencies/
@flyPAL 
@AirAsiaFilipino 
(company account) 
#BilyonaryoTourism",general.comment
125855298,2020-10-21 23:55:59+00:00,Free rebooking daw pero nung magrerebook na ko may bayad? Ano to? (company account) gigil niyo ko e!,faq.bad_service
252676100,2020-10-21 18:22:45+00:00,Fuck you (company account) for cancelling my flight! Gago ka! Tane ma bankrupt kamo! Ay ooooppppps! What the actual fuck gid ya? Ugh!,general.comment
176782345,2020-10-21 15:11:02+00:00,Seryoso (company account) this would be 2nd time for rebook ğŸ™„ tsk,general.comment
381150173,2020-10-21 12:31:37+00:00,Refunds go through 5 steps and after 6 months it's still at step 3! Galing nyo (company account)! For transmittal pa lang yan. Hands down sa inefficiency nyo!,general.comment
121640711,2020-10-21 11:55:27+00:00,"I just realized since 100% wfh ako, 
I can stay sa Boracay for a month or two. Time to use my (company account) points chozzz

â€œWork from Homeâ€ to â€œWork from the Beachâ€",general.comment
246058278,2020-10-21 10:46:03+00:00,"Hi (company account) !! We do have a flight on October 26, 2020 at 10:20 AM. It was initially 12 noon but we got a message saying that it was moved to 10:20. I just want to confirm if the flight was confirmed or cancelled because on manage booking it was cancelled. Thank you.",general.query
777877807,2020-10-21 09:38:49+00:00,I dont understand bakit kelangan mangluko ng mga tao during this pandemic! Lahat naman tau nkakaranas nang paghhirap. (company account) madami kaming umaasa. Peru gumgawa kayo nang kasinungalingan para lng d namin maclaim ung PERA namin.This is too much Sir @TulfoRaffyy  pa helpğŸ˜‘,general.comment
385717842,2020-10-21 05:13:34+00:00,Hi (company account) please see my dm. I have not yet received any email confirmation regarding my full request on my flight booking that you cancelled. Thank you,contact.contact
826005528,2020-10-21 02:54:58+00:00,"pinapatugtog yung â€œSanta, can you hear me?â€ ni Britney Spears sa isang store. 

Yan yung pinapatugtog ni (company account) sa flight nila pag December ğŸ¥º

Nakakamiss mag travel ğŸ˜”ğŸ¥º",general.comment
264673462,2020-10-21 02:02:27+00:00,"Nagpabook kami ng ticket last May 2020, bound to south korea sa (company account)  but due to lockdown, na cancel yung flight at pwedeng magrefund. Ang sabi 4 billing cycles pa bago ma transmit ang pera pabalik sa credit card.",general.comment
272890777,2020-10-21 01:54:16+00:00,doesn't it look like (company account) and @flyPAL are just waiting on their customers to get tired then stop following up on their refund requests? i'm hearing stories of people not getting refunded for more than a year wtf! balik nyo pera namin huy!!!!,general.comment
154653640,2020-10-20 17:34:37+00:00,DM (company account),contact.contact
374856243,2020-10-20 16:29:55+00:00,Tigil-tigilan niyo kami (company account)  @philippineair sa mga promo promo niyo. Refund muna  namin atupagin niyo apakatagal na.,general.comment
126093783,2020-10-20 16:17:51+00:00,Happy 6th month from request and happy 7th month billing cycle (company account)! Magkano na interest sa utang nyo na refund?,general.comment
849313615,2020-10-20 06:10:33+00:00,dm (company account),contact.contact
423559358,2020-10-20 00:12:21+00:00,Hanggang ngayon wala pa din yung refund (company account) ! Anyare? Forever na ba to?,faq.bad_service
673459298,2020-10-19 23:35:02+00:00,"Before we book again, can this juana be refunded first? (company account)",faq.bad_service
469059735,2020-10-19 23:28:50+00:00,Haler (company account)!!! Anong petsa na??? Patapos na ang 2020 at wala pa rin refund namin??? Anong plano niyo??? Enough of your excuses please!!! NKKLK!!! ğŸ¤¦ğŸ»â€â™‚ï¸ğŸ¤¦ğŸ»â€â™‚ï¸ğŸ¤¦ğŸ»â€â™‚ï¸,faq.bad_service
184527311,2020-10-19 23:03:01+00:00,Ang gaganda ng flight attendants ng (company account) â™¥ï¸,general.comment
162075766,2020-10-19 20:06:40+00:00,"Hey (company account) kulang po ung refund ko, bakit ganon? I've sent you a DM. Kindly check!",faq.bad_service
220874451,2020-10-19 15:54:58+00:00,I finally booked my flight from Iloilo to Davao in December. I hope (company account)  doesn't cancel flights at the last minute. I just want to go home.,general.comment
811999780,2020-10-19 12:28:57+00:00,okk i was on the phone with a (company account) customer service agent and mid convo she asked if she can put me on hold take her 15min break. skskskskskkks ate gurl what??????,general.comment
161177084,2020-10-19 11:22:22+00:00,"Hi (company account), I sent you a dm, please kindly check. Thank you!",contact.contact
671538952,2020-10-19 11:20:38+00:00,"Hi, (company account)! I sent you a message. :)",contact.contact
664673308,2020-10-19 06:30:37+00:00,ANG TAGAL NYO MAG REFUND 5 MONTHS NA WITH CONSTANT FOLLOW UP WALA PADIN NANGYAYARE!!!!!!!!!! (company account),general.comment
273550477,2020-10-19 02:35:26+00:00,Hi (company account) I would just like to follow up on my refund request for JJWJ4X flight :),general.assist
139343548,2020-10-19 02:20:35+00:00,My (company account) refund was MIA so i checked the status online only to find out that it was never processed. I know I requested a refund a few months back. I just reapplied and it says it will be credited back within 5 billing cycles. ğŸ¤¦ğŸ»â€â™€ï¸,general.comment
275602214,2020-10-19 00:53:11+00:00,kahasulag magcancel ug appointment maytag diri lang unta sa ZC. tssk. salamat (company account).,general.comment
574011870,2020-10-18 22:30:10+00:00,"potek! i know weâ€™re experiencing a pandemic but (company account) has their scam wherein they will make all flights available and once you book them they will just cancel it days after. if you refund the tix, it will take you more than 6mos for sure.",general.comment
188843041,2020-10-18 13:19:48+00:00,"paasa naman ung email ng (company account) may option ng full refund pero pag-click, redirected sa contact us page tapos ang hirap din naman nila ma-contact ğŸ™ƒ",general.comment
455681172,2020-10-18 10:59:37+00:00,october na pero yung refund namin wala pa rin (company account) ğŸ™ƒ,general.comment
735136013,2020-10-18 08:17:35+00:00,Thank you so much (company account) and to our WCA Admin another client of mine received a refund yesterday..I have four more still in progress..let's just wait and be patience..matatapos din 'to..Again thank you..,general.comment
520054889,2020-10-18 05:32:07+00:00,Hello (company account) I DMed you. Please respond,contact.contact
577681393,2020-10-17 21:24:39+00:00,"Hey (company account) 

My Travel plan is :
CEB - MNL- DXB - MAA

Is it possible to claim/transfer my baggage to my next connecting flight to India without checking in @DXB @DubaiAirports .",general.query
272133913,2020-10-17 14:49:06+00:00,It's been 6 months but still haven't received my refund from (company account) and @AirAsiaFilipino. ğŸ˜ Wag nyo naman paaubatin ng next year pls!,general.comment
212397996,2020-10-17 12:34:01+00:00,Itong (company account) text ng text wala naman magandang sinasabi kundi CANCELLED. Charot!,general.comment
840922574,2020-10-17 05:40:24+00:00,Hi (company account)! I sent you a message regarding my concern. Kindly advise as soon as possible. Thank you!,contact.contact
127063101,2020-10-17 03:27:43+00:00,"Hello (company account) 
Bakit ngayon lang kayo mag sesend ng instruction sa passenger??!! Departure time is at 7am and you sent the instructions at 11:05 am! 
First of, original return flight is supposedly October 3, you canceled the flight twice!",faq.bad_service
454306576,2020-10-17 03:27:00+00:00,Hello (company account) any update on our refund? How come others already got theirs when they processed their refund request 2 months later than we did? Same bank. Same payment method.,faq.bad_service
696053886,2020-10-17 02:25:42+00:00,"Hoy (company account) yung refund kong sabi nyo 3 months lang, 6 months na wala pa din. Haha",general.comment
897077895,2020-10-16 11:00:17+00:00,We will RISE and FLY again âœˆï¸âœˆï¸ğŸ’›ğŸ’›ğŸ’› (company account) @jen_barangan,general.comment
594927271,2020-10-16 07:39:21+00:00,"Hi (company account) sent a DM to you! Kindly check, thanks!",contact.contact
331512198,2020-10-16 03:28:05+00:00,"yung refund ng cebu pac wala pa rin hanggang ngayon haha two emails na ang sinend, july 3 and sept 23, wala pa rin wow how slow can u be (company account)",general.comment
848174644,2020-10-16 02:47:37+00:00,Cebu Pacific yung refund ko please haha tagal na 8 months na (company account),general.comment
214683270,2020-10-15 10:25:25+00:00,"Kailan kaya dadating yung email na 

""Dear Mr. Angeles,

We have refunded the amount of 3*,*^# to your bank account."" 

Siguro mga next year or 2022 ok na ba yun? (company account) HINDI KO YAN ITTRAVEL FUND DAHIL MAY EXISTING DIN AKO KAYA, PLEASE IREFUND NIYO NA!",general.comment
324552919,2020-10-15 09:46:48+00:00,Struggle is real sa refund with (company account),general.comment
613622337,2020-10-15 09:46:30+00:00,"Naalala ko hindi nga pala ako artista para ma expedite ang refund ko (company account) ang dami ng complaint sa social media puro lang kayo give us a DM tapos wala na. October na aba, high volume pa din kayo? #EveryJuanWillNotFlyAgain #CebuPacific",general.comment
567143343,2020-10-15 09:40:03+00:00,"Naalala ko hindi nga pala ako artista para ma expedite ang refund ko (company account) ang dami ng complaint sa social media puro lang kayo give us a DM. October na aba, high volume pa din kayo? #EveryJuanWillNotFlyAgain #CebuPacific",general.comment
391953977,2020-10-15 09:35:57+00:00,"Bago kayo magsell seats aba, refund muna! (company account)",general.comment
476556191,2020-10-15 09:24:08+00:00,Sobrang irita. Wala pa din refund ni (company account). Ano to pamasko niyo na lang samin? Malapit na din ika 1 - year nung travel. Nakakairita,general.comment
639024764,2020-10-15 07:52:18+00:00,"Dear (company account), not all of your passengers have the same concerns. Before you reply in every inquiry, PLEASE READ IT CAREFULLY. Thank you.",general.comment
641313919,2020-10-14 16:57:21+00:00,Ano2x po ung mga pending refunds ko sa inyo? Pacheck please (company account),general.assist
164487366,2020-10-14 12:42:00+00:00,Hi (company account) ! Help?,general.assist
303299082,2020-10-14 10:33:11+00:00,Still waiting a response from (company account) about Care Reference Number: 5304266. After 10 MONTHS we haven't received compensation for the canceled flight,faq.bad_service
604076580,2020-10-14 10:02:31+00:00,7 months and counting. Lapit na pasko (company account) Kamusta na refunds ko/namin.,faq.bad_service
244623068,2020-10-13 20:23:22+00:00,Hi (company account) sent you a DM. Appreciate if you can assist asap. Thank you.,contact.contact
429252085,2020-10-13 11:35:36+00:00,Hi (company account) ano na. Anyare na sa refund ko? Have been patiently waiting but i think nabaon na din sa limot ang refund namin ğŸ˜‘ğŸ˜,faq.bad_service
222736294,2020-10-13 11:23:01+00:00,"grabe april pa ako nag file ng refund  sa (company account) and yet OCTOBER na ha 6 months na nakalipas WALA PARIN and everytime I ask for follow-up and exact date when to expect the refund SAME SCRIPT LANG BINIBIGAY SAKIN. 

Hope this wonâ€™t last until nov, cebu pac naman!!!!!!",general.comment
386269652,2020-10-13 09:33:38+00:00,"Marerefund ko kaya yung RT flight ko this december to and from LGP? 3,500 din yooon, booked last Feb before the pandemic ğŸ¥º (company account)",faq.bad_service
489234883,2020-10-13 04:40:57+00:00,Pikon na pikon na kong kausap kayo (company account) !!! Di ko malaman kung sino ba yung tanga sa inyo jan!!!!,general.comment
137298338,2020-10-13 03:33:33+00:00,Kung ano ano pinagsasabi nitong (company account) sa dm hindi na lng sabihin ayaw irefund. Not being straight to the point.,general.comment
333114534,2020-10-12 11:33:02+00:00,"Kailangan ba talagang sagutan at isubmit yung Quit Claim Form nyo eh hindi ko pa nga narerEceceive yung refund ko (company account)? Nakalagay dun na naka""received"" na ako ng refund. Tapos pipirmahan ko kahit wala pa? WTH?",faq.bad_service
127294188,2020-10-12 03:29:12+00:00,Anong petsa na (company account) patapos na ang 2020 at wala pa rin refund namin? Enough of your excuses please! NKKLK! ğŸ¤¦ğŸ»â€â™‚ï¸ğŸ¤¦ğŸ»â€â™‚ï¸ğŸ¤¦ğŸ»â€â™‚ï¸,faq.bad_service
857195591,2020-10-12 02:18:02+00:00,Hi (company account) can you pls check your DM? Need to ask for a refund but I canâ€™t connect with your live support. Please help ğŸ˜­,contact.contact
524513144,2020-10-11 03:24:34+00:00,"Wa pa gyapon refund, 6 months and counting. (company account) ano na?",general.comment
881723447,2020-10-10 14:01:49+00:00,pang 5th billing cycle na wala pa din till now refund koooo ğŸ˜”ğŸ˜” haaaaaaayyyy (company account) ğŸ¥ºnaffrustrate lang ako. i think you really need more manpower before covid pa. i know nag bawas kayo ng tao pero grabe naman ilang months na. ğŸ¥º,general.comment
669901132,2020-10-10 12:13:50+00:00,Hi (company account) Do you have daily flights for dxb-mnl-dxb? Thanks,general.query
272086490,2020-10-10 04:13:39+00:00,i understand itâ€™s pandemic and weâ€™re all losing at some point but curious lang ako kailan ko makukuha refund sa (company account) ğŸ™‚,general.query
684699059,2020-10-10 01:57:18+00:00,6th Billing Cycle na (company account). Pakigalaw ng baso kung nandiyan pa kayo.,general.comment
850648110,2020-10-09 17:45:41+00:00,"Buti pa yung @SkyJetAirlines mabilis magreply sa email eh, keep up naman tayo (company account) ğŸ™„",general.comment
317639426,2020-10-09 09:56:19+00:00,"october na, wala parin refund? (company account) @AirAsiaFilipino",faq.bad_service
883372210,2020-10-08 22:39:29+00:00,Hey (company account) amy updates on my refund? My flight got cancelled in May due to covid but I didnâ€™t get any updates from you,faq.bad_service
336463462,2020-10-08 11:42:32+00:00,Grabi mis ko nang lumipad at sumakay sa (company account),general.comment
572922734,2020-10-08 11:30:07+00:00,Hi (company account)! Sent you a DM. Please check. Thank you!,contact.contact
465870664,2020-10-08 09:08:04+00:00,I think the vaccine for Covid-19 will come faster than (company account) â€˜s refunds ğŸ¥´ğŸ¤¡,general.comment
238295515,2020-10-08 06:48:06+00:00,Dear (company account) kindly refund my cancelled flight now its been 7 mos already!,general.assist
536648513,2020-10-08 04:09:59+00:00,finally after 6 months narefund din kami ng (company account) for our canceled korea flight back in march.. i really hope and pray everything goes back to normal soon para makabangon na ulit ang travel and tourism industries...,general.comment
136293855,2020-10-08 00:46:07+00:00,"Budget carrier (company account) says to raise ""approximately"" $500 million to ""strengthen the balance sheet"" of the firm.

Funds will be raised equally from an issuance of convertible preferred shares and a private bond investment from an unspecified investor. | @prinzmagtulis",general.comment
590535632,2020-10-08 00:44:54+00:00,"Budget carrier (company account) says to raise ""approximately"" $500 million to ""strengthen the balance sheet"" of the firm.

Funds will be raised equally from an issuance of convertible preferred shares and a private bond investment from an unspecified investor. @PhilstarNews",general.comment
480385018,2020-10-07 13:37:58+00:00,Mom's flight has been cancelled twice. Why (company account)?,faq.bad_service
371093061,2020-10-07 12:45:27+00:00,Bakit wala pa rin refund ko (company account)  2 month na lang mag 2021 na. February pa yan juskooooooo!!,faq.bad_service
365017749,2020-10-07 12:09:29+00:00,So bali 5 months ang processing ng cash refund sa (company account). Yes thats FIVE. FREAKIN. MONTHS.,general.comment
340343905,2020-10-07 02:19:06+00:00,"Can i just say, (company account) has the worst refund process ever! I don't know why it's taking so long while the other companies super fast ng reversal ng refund sa card. Been waiting for almost 7 months already &amp; now they want me to wait for another 5mos! I'm super pissed off!",general.comment
231613396,2020-10-07 01:39:14+00:00,"Kamusta naman ang refunds (company account)? April pa daw naprocess, until now di pa rin nababalik. ğŸ¤¦ğŸ»â€â™€ï¸",faq.bad_service
657784260,2020-10-06 16:41:49+00:00,"Hi @flyPAL ! I hope I can get ""matinong"" reply from you too (like what I got from (company account) :) ) regarding the refund of a cancelled flight. I tried to reach you via FB.",general.comment
515716435,2020-10-06 15:28:46+00:00,Hi (company account). Can you please tell your tech regarding the mobile app? I canâ€™t open my app since Iâ€™m using iphone6. It says that the OS canâ€™t support the updated app. Thnks,general.assist
740148475,2020-10-06 15:26:48+00:00,Nanawagan ako sa cebu pacific utang na loob yung refund ko february pa yun! Ano na (company account),faq.bad_service
615483856,2020-10-06 13:25:06+00:00,"Is the (company account) website crashing because I canâ€™t log in via desktop or app 

It was also difficult to log in and I had to reset my password 

And when I did, I still canâ€™t log in",faq.bad_service
732482487,2020-10-06 11:24:49+00:00,Hello (company account) pakiayos naman yung website niyo antagal magload ultimo payment na lang hindi pa matanggap nasold out tuloy yung binubook ko na flight! At ang customer service niyo din legit ba after 7 days pa kayo magrereply sa email? Alam niyo ba yung salitang URGENT?,faq.bad_service
549650743,2020-10-31 14:25:59+00:00,"KOREAN LEARNING MATERIALS 

Fire PRICE DROP @ â‚±399 (Original : â‚±2,430)
These materials are intended for self study.

To Avail Please provide the ff:
1. Gmail Address
2. Mode of payment

Message us: https://t.co/Wgw8DGkRLc https://t.co/JcX4dOFroP",general.promotion
128780611,2020-10-06 10:44:01+00:00,Mixed emotions right now as I already got my first refund from (company account) for my cancelled flight last January. ğŸ˜ƒğŸ˜¢,general.comment
419915049,2020-10-06 06:52:43+00:00,"Hi (company account) i have a some queries, please check dm. Thanks",contact.contact
418769676,2020-10-06 06:16:52+00:00,Pag kayo (company account)  pwedeng bear with us due to pandemic pag kami d pwede bear with us???? Ibalik nyo na lang yung pera ğŸ˜ ğŸ˜ ğŸ˜ ğŸ˜ ,faq.bad_service
257899858,2020-10-06 06:11:33+00:00,Hello parefund naman ng flights ko pls. Binababaan lang ako ng call center niyo ğŸ¥´ğŸ¤¡ (company account),faq.bad_service
676738794,2020-10-06 05:02:29+00:00,Can (company account) be reported for their deliberate late issuance of refunds? Six months and counting I haven't received mine still. ğŸ¤¢,faq.bad_service
410997514,2020-10-06 01:01:02+00:00,Hi (company account) please check my DM,contact.contact
471221291,2020-10-05 22:25:07+00:00,"Hi, I sent a DM regarding my concern on a cancelled booking. (company account)",contact.contact
114639199,2020-10-05 15:13:11+00:00,"Hi (company account) i hav an upcoming flight next wik, are there any documents required upon entering the airport? thank you.",general.query
116064506,2020-10-05 11:33:07+00:00,Hello?????? Limang buwan wala pa din yung refund??  Anyare sa 2-3 billing cycle??????? Wala na akong jowa wala pa yung refund pakiayos naman (company account) at @philippineair,faq.bad_service
151417767,2020-10-05 11:20:14+00:00,Any news about my refund for the canceled flight?!?!?! Its been 8 months. (company account),faq.bad_service
281228146,2020-10-05 10:46:06+00:00,"Hi, (company account)! Any updates on our Travel Tax refund?

Itâ€™s been 6 months already. ğŸ˜‚",faq.bad_service
223782901,2020-10-05 10:25:37+00:00,"3 cancelled flights. Wala pa ni isa narerefund ğŸ™„ Galaw galaw, (company account) ğŸ˜’",general.comment
755719781,2020-10-05 10:09:15+00:00,Bakit di ko pwede gamitin ng travel fund ko para sa ticket ng mama ko? Eh sa ticket naman din nya galing yung fund na yun. Haist! (company account),faq.app_use
379608249,2020-10-05 10:02:12+00:00,Open na ulit boracay sa mga tourists pero yung ticket ko na nirefund ko nung april pa papunta boracay dko pa rin nakukuha (company account) hello po mga kelan po kaya? ğŸ¤¨,faq.bad_service
140244929,2020-10-05 08:45:25+00:00,"cancelled na ng ceb pac, opted for FULL REFUND pero nag proceed as TRAVEL FUND??? the fck? tapos pag check ko wala naman naka credit sa travel fund. ok explain (company account)",faq.bad_service
791643371,2020-10-05 08:40:47+00:00,HOW AM IS SUPPOSED TO REBOOK MY FLIGHT IF I CANâ€™T ACCESS YOUR SITE? I KEEP GETTNG â€œERROR 1013: BOOKING NOT FOUNDâ€ (company account),faq.bad_service
728025713,2020-10-05 07:50:42+00:00,"Hey (company account), I called your hotline several times but it tells me to message you via twitter or fb. What's the point of the hotline then? Also, kindly reply to my DMs. Thanks",faq.bad_service
547268868,2020-10-05 06:45:04+00:00,"Hi (company account) was refunding a recently cancelled flight. But after clicking continue, the system said my booking is closed and placed in a travel fund, and my refundable amount is now 0. I didnt opt for the travel fund option.",faq.bad_service
878028584,2020-10-05 05:34:28+00:00,Hi (company account)  any update on my ticket refund request? Unsa naman ni. Dugay natu ba.,faq.bad_service
799182028,2020-10-05 05:04:19+00:00,3 flights ko na ang cancelled haha baka nemen pwede bilisan refund (company account) wala man lang reply ih,faq.bad_service
872334572,2020-10-05 03:26:39+00:00,wa pa gani na dawat ako refund pag April gi cancel na sad ako flight pa uli karon November ano na (company account) di nalang jud ko mo salig ninyo ğŸ™„,faq.bad_service
626615708,2020-10-05 03:02:59+00:00,Hi (company account) medyo gigil niyo ako sa conversion niyo. Nilagay ko na nga lang sa travelfund tapos babawasan niyo pa ung original cost nung flight.,general.comment
841821463,2020-10-05 02:25:21+00:00,"Hello, (company account)! I specifically chose Refund but you placed my cancelled booking in a Travel Fund. I didnâ€™t want the Travel Fund, I want a Total Refund!",general.assist
867772964,2020-10-05 02:25:17+00:00,"Hi, I have a concern regarding my refund request. Kindly reply to my DMs. (company account)",contact.contact
647062674,2020-10-05 02:05:37+00:00,Hi. I sent you a dm regarding my flight cancellations. Please check it thank you (company account),contact.contact
869859209,2020-10-05 01:22:31+00:00,"ano naaa (company account), parang mas mabilis pa tumawag sa kaluluwang ligaw kesa sa customer service nyo ğŸ˜’",general.comment
471368180,2020-10-05 00:33:50+00:00,"na sstress ako (company account), wala bang gustong makipagusap sa inyo??",faq.bad_service
137643771,2020-10-05 00:23:25+00:00,Flurry of emails from (company account) this morning!!! Not that I wasnâ€™t expecting it but Myanmar anniversary trip in November and Korea family trip in December is officially cancelled ğŸ˜… 5 ka buwan nasad ni before ma-refund ğŸ˜‚,general.comment
551144360,2020-10-04 18:02:36+00:00,"Hi (company account) still waiting po sa refund. Total of 4 tickets, requested for a refund since May.",faq.bad_service
774763224,2020-10-04 09:30:59+00:00,Uso na ba di mag refund ngayon?! Yung (company account) at @foodpandaPH kasi di pa din.,faq.bad_service
748586639,2020-10-04 08:53:08+00:00,"At this point talking to any representative from (company account) is pointless. In the end, they won't take any responsibility over their own mistake and they will just expect for you to deal with it. ğŸ™„",faq.bad_service
741372810,2020-10-04 05:18:20+00:00,Unfortunately after 7 mons wala pa rin yung refund ko from (company account) My flight got cancelled last March but until now I still donâ€™t have the refund. According to (company account) it will only take 4 billing cycles. @DtiPhilippines @BangkoSentral,general.comment
599927027,2020-10-04 03:31:35+00:00,Hi (company account) !!! Can we refund flights not yet cancelled? (refund as in NOT travel fund) The flight is in November. Thanks!,general.query
414900194,2020-10-04 00:58:08+00:00,Hello (company account) ! Any update on the cash refund application?,faq.after_sales
823668802,2020-10-03 20:54:41+00:00,"Hi (company account) , i have an upcoming flight to Bacolod this month and received a notification that I can manage my flight due to covid19. When i tap the link, nothing happened. Pls help",general.assist
526147394,2020-10-03 12:35:41+00:00,.(company account) Have you stopped flying to Sydney and do you plan on offering flights to Melbourne when it opens to international flights?,general.query
253024023,2020-10-03 09:16:03+00:00,Just experienced a very nice customer service from (company account) :),general.comment
556501329,2020-10-03 05:21:27+00:00,hoyyyy (company account)!!!!! ğŸ˜©,general.comment
848653376,2020-10-03 03:41:08+00:00,Hoy gusto ko na mag travel na ulet pero mas gusto ko sana marefund ang ticket ko or malagay sa travel fund (company account) whatâ€™s good?,general.comment
469499800,2020-10-03 02:25:23+00:00,Deadma sa barangay ang (company account) ! Inamag na yung dm ko pati ung refund namin HAHAHAHA,general.comment
694361740,2020-10-03 02:09:25+00:00,Where is my refund (company account),general.query
747701325,2020-10-03 01:09:14+00:00,So (company account) made two refunds which I canâ€™t even identify for which booking as the amounts did not match any of my previously cancelled flights.,general.comment
432499812,2020-10-03 00:34:14+00:00,Sige raman tawn nag busy inyong customer service hotline (company account) ğŸ˜¡ğŸ˜¡ğŸ˜¡,general.comment
893055016,2020-10-02 22:18:19+00:00,Worst Customer Service (company account),general.comment
699257612,2020-10-02 01:27:27+00:00,"Hi (company account) I have been waiting for my refund for 6 months and still not transmitted. You email started August 24,2020 but when I checked my bank, thereâ€™s none!",general.comment
774594699,2020-10-01 23:24:17+00:00,hala anu to (company account) mag cancel ako ng flight dahil sa covid tapos 5k charge for taxes and fee?,general.comment
625392133,2020-10-01 21:15:44+00:00,Been receiving the same response from (company account)  and its frustrating already. It feels like I was talking to a Robot. Appreciate if you can expedite the refund since my flight was cancelled last May 10. Its been almost 5months (5 billing cycles) already.,general.comment
774191917,2020-10-01 13:06:01+00:00,Grabe ang tagal ng refund nyo (company account)!!!!!,general.comment